{
   "practitioner":{
      "nationalProviderID":"1720799703",
      "lastName":"",
      "firstName":null,
      "middleName":"",
      "genderName":null,
      "birthDate":null,
      "socialSecurityNumber":null,
      "practitionerTypeName":null,
      "practitionerStatus":"Active",
      "practitionerStatusEffectiveDate":"01/01/2024",
      "nonCredentialed":"N",
      "application":{
         "statusTypeName":"See Entities"
      },
      "notes":"",
      "product":[
         {
            "productName":"",
            "productTypeName":"",
            "dateFrom":"",
            "productPopulationName":"",
            "contractName":"",
            "productSpecialties":[
               {
                  "specialtyName":"",
                  "panelStatus":"",
                  "specialtyType":"",
                  "primarySpecialty":""
               }
            ]
         }
      ]
   },
   "status":"Validation_Success"
}
